Transaction ID;Item;Quantity;Price Per Unit;Total Spent;Payment Method;Location;Transaction Date;;
TXN_1961373;Coffee;2;2;4;Credit Card;Takeaway;08/09/2023;;54
TXN_4977031;Cake;4;3;12;Cash;In-store;16/05/2023;;140
TXN_4271903;Cookie;4;1;4;Credit Card;In-store;19/07/2023;;
TXN_8230936;Cake;3;3;9;UNKNOWN;UNKNOWN;02/05/2023;;
TXN_3160411;Coffee;2;2;4;Digital Wallet;In-store;11/06/2023;;
TXN_2602893;Smoothie;5;4;20;Credit Card;Takeaway;31/03/2023;;
TXN_4433211;Juice;3;3;9;Cash;Takeaway;06/10/2023;;
TXN_6699534;Sandwich;4;4;16;Cash;Takeaway;28/10/2023;;
TXN_4717867;Cake;5;3;15;Cash;Takeaway;28/07/2023;;
TXN_2064365;Sandwich;5;4;20;Digital Wallet;In-store;31/12/2023;;
TXN_2548360;Salad;5;5;25;Cash;Takeaway;07/11/2023;;
TXN_3051279;Sandwich;2;4;8;Credit Card;Takeaway;UNKNOWN;;
TXN_7619095;Sandwich;2;4;8;Cash;In-store;03/05/2023;;
TXN_9437049;Cookie;5;1;5;Cash;Takeaway;01/06/2023;;
TXN_8915701;Tea;2;1,5;3;Digital Wallet;In-store;21/03/2023;;
TXN_2847255;Salad;3;5;15;Credit Card;In-store;15/11/2023;;
TXN_4238417;Salad;2;5;10;UNKNOWN;UNKNOWN;19/06/2023;;
TXN_6769710;Juice;2;3;6;Cash;In-store;24/02/2023;;
TXN_8876618;Cake;5;3;15;Cash;Takeaway;25/03/2023;;
TXN_3709394;Juice;4;3;12;Cash;Takeaway;15/01/2023;;
TXN_3522028;Smoothie;5;4;20;Cash;In-store;04/04/2023;;
TXN_3567645;Smoothie;4;4;16;Credit Card;Takeaway;30/03/2023;;
TXN_5132361;Sandwich;3;4;12;Digital Wallet;Takeaway;01/12/2023;;
TXN_3508619;Smoothie;4;4;16;UNKNOWN;UNKNOWN;04/09/2023;;
TXN_9400181;Sandwich;5;4;20;Cash;In-store;03/06/2023;;
TXN_9669616;Coffee;3;2;6;UNKNOWN;UNKNOWN;03/06/2023;;
TXN_5183041;Cookie;5;1;5;Credit Card;In-store;20/04/2023;;
TXN_5695074;Juice;4;3;12;Credit Card;Takeaway;10/04/2023;;
TXN_8467949;Smoothie;5;4;20;Credit Card;Takeaway;11/03/2023;;
TXN_7640952;Cake;4;3;12;Digital Wallet;Takeaway;UNKNOWN;;
TXN_1736287;Coffee;5;2;10;Digital Wallet;Takeaway;02/06/2023;;
TXN_8927252;Cookie;2;1;2;Credit Card;Takeaway;06/11/2023;;
TXN_9677376;Smoothie;4;4;16;Digital Wallet;In-store;15/08/2023;;
TXN_7710508;Cookie;5;1;5;Cash;Takeaway;UNKNOWN;;
TXN_8853997;Smoothie;2;4;8;Digital Wallet;Takeaway;09/10/2023;;
TXN_9130559;Sandwich;1;4;4;Credit Card;Takeaway;28/05/2023;;
TXN_6855453;Juice;4;3;12;Digital Wallet;In-store;17/07/2023;;
TXN_1080432;Salad;2;5;10;Credit Card;In-store;29/04/2023;;
TXN_2655815;Smoothie;4;4;16;Cash;Takeaway;08/06/2023;;
TXN_8787149;Juice;1;3;3;UNKNOWN;UNKNOWN;20/04/2023;;
TXN_2083138;Smoothie;3;4;12;Digital Wallet;In-store;17/04/2023;;
TXN_2427584;Sandwich;4;4;16;Cash;Takeaway;22/12/2023;;
TXN_6650263;Tea;2;1,5;3;Cash;Takeaway;10/01/2023;;
TXN_9620080;Juice;4;3;12;Cash;Takeaway;02/10/2023;;
TXN_4563544;Sandwich;5;4;20;UNKNOWN;UNKNOWN;10/06/2023;;
TXN_5455792;Salad;3;5;15;Cash;Takeaway;22/03/2023;;
TXN_8078640;Juice;4;3;12;Digital Wallet;In-store;03/11/2023;;
TXN_6544160;Salad;1;5;5;UNKNOWN;UNKNOWN;05/02/2023;;
TXN_8201146;Juice;5;3;15;Cash;Takeaway;26/06/2023;;
TXN_3397034;Cake;4;3;12;UNKNOWN;UNKNOWN;11/04/2023;;
TXN_7742742;Cake;5;3;15;Cash;Takeaway;05/09/2023;;
TXN_6342161;Salad;5;5;25;Cash;Takeaway;08/01/2023;;
TXN_8914892;Salad;5;5;25;Digital Wallet;Takeaway;15/03/2023;;
TXN_3363746;Smoothie;3;4;12;Credit Card;Takeaway;25/11/2023;;
TXN_8614868;Smoothie;5;4;20;Digital Wallet;Takeaway;05/12/2023;;
TXN_5522862;Cookie;2;1;2;Credit Card;Takeaway;19/03/2023;;
TXN_3578141;Cake;5;3;15;Cash;Takeaway;27/06/2023;;
TXN_2080895;Cake;1;3;3;Digital Wallet;In-store;19/04/2023;;
TXN_6421134;Sandwich;4;4;16;Cash;Takeaway;03/11/2023;;
TXN_8813311;Juice;5;3;15;Digital Wallet;In-store;07/10/2023;;
TXN_7034554;Salad;2;5;10;UNKNOWN;UNKNOWN;27/04/2023;;
TXN_8051289;Juice;1;3;3;Digital Wallet;In-store;09/10/2023;;
TXN_2537617;Sandwich;1;4;4;Cash;Takeaway;27/05/2023;;
TXN_9099694;Salad;3;5;15;Cash;Takeaway;18/11/2023;;
TXN_9230615;Smoothie;4;4;16;Digital Wallet;Takeaway;01/06/2023;;
TXN_4987129;Sandwich;1;4;4;Digital Wallet;In-store;20/10/2023;;
TXN_8501819;Juice;2;3;6;Cash;Takeaway;30/03/2023;;
TXN_3068204;Cookie;1;1;1;Credit Card;Takeaway;03/10/2023;;
TXN_8427104;Salad;2;5;10;Digital Wallet;In-store;27/10/2023;;
TXN_8471743;Cake;5;3;15;Digital Wallet;In-store;06/04/2023;;
TXN_2621580;Tea;2;1,5;3;Cash;In-store;22/03/2023;;
TXN_4726376;Cake;2;3;6;Credit Card;In-store;31/01/2023;;
TXN_6044979;Cookie;1;1;1;Cash;In-store;08/12/2023;;
TXN_7958992;Smoothie;3;4;12;UNKNOWN;UNKNOWN;13/12/2023;;
TXN_1900620;Smoothie;1;4;4;Credit Card;Takeaway;14/12/2023;;
TXN_6420335;Coffee;1;2;2;Cash;Takeaway;16/07/2023;;
TXN_3858209;Sandwich;4;4;16;Cash;Takeaway;22/02/2023;;
TXN_2091733;Salad;1;5;5;Digital Wallet;In-store;UNKNOWN;;
TXN_8735480;Tea;5;1,5;7,5;Cash;Takeaway;02/06/2023;;
TXN_3829165;Juice;4;3;12;Cash;In-store;15/06/2023;;
TXN_3748616;Coffee;2;2;4;Credit Card;In-store;09/12/2023;;
TXN_1993289;Sandwich;2;4;8;Digital Wallet;In-store;18/04/2023;;
TXN_4070040;Cake;1;3;3;UNKNOWN;UNKNOWN;UNKNOWN;;
TXN_5266394;Cake;3;3;9;Cash;In-store;28/10/2023;;
TXN_5107946;Cake;4;3;12;Credit Card;Takeaway;22/12/2023;;
TXN_8035512;Tea;3;1,5;4,5;Cash;Takeaway;29/10/2023;;
TXN_8718498;Cake;5;3;15;Credit Card;Takeaway;30/04/2023;;
TXN_3955361;Cookie;5;1;5;Cash;Takeaway;02/04/2023;;
TXN_9487821;Salad;1;5;5;Digital Wallet;Takeaway;24/05/2023;;
TXN_4132730;Cookie;5;1;5;Digital Wallet;In-store;12/03/2023;;
TXN_8976658;Tea;2;1,5;3;Credit Card;In-store;16/08/2023;;
TXN_5455936;Juice;5;3;15;Digital Wallet;In-store;28/10/2023;;
TXN_2725602;Juice;5;3;15;Credit Card;Takeaway;10/09/2023;;
TXN_3011323;Coffee;3;2;6;Credit Card;Takeaway;07/03/2023;;
TXN_6289610;Juice;3;3;9;Cash;Takeaway;07/08/2023;;
TXN_8268061;Salad;3;5;15;Cash;Takeaway;20/08/2023;;
TXN_5220895;Salad;5;5;25;Cash;In-store;10/06/2023;;
TXN_3085509;Coffee;4;2;8;Digital Wallet;In-store;15/04/2023;;
TXN_9999113;Juice;4;3;12;Cash;Takeaway;27/05/2023;;
TXN_8779771;Coffee;4;2;8;Cash;In-store;25/07/2023;;
TXN_9517146;Salad;5;5;25;Cash;Takeaway;30/10/2023;;
TXN_1621920;Salad;3;5;15;Cash;Takeaway;28/10/2023;;
TXN_3808639;Juice;2;3;6;Digital Wallet;Takeaway;15/12/2023;;
TXN_7028009;Cake;4;3;12;Cash;Takeaway;UNKNOWN;;
TXN_4231121;Coffee;4;2;8;UNKNOWN;UNKNOWN;01/09/2023;;
TXN_6955416;Salad;4;5;20;Digital Wallet;In-store;25/02/2023;;
TXN_3775339;Cookie;3;1;3;Credit Card;Takeaway;03/04/2023;;
TXN_9547091;Cookie;3;1;3;Credit Card;Takeaway;08/10/2023;;
TXN_4358673;Cookie;5;1;5;Digital Wallet;Takeaway;28/12/2023;;
TXN_4174591;Tea;4;1,5;6;Digital Wallet;Takeaway;30/08/2023;;
TXN_3398520;Sandwich;1;4;4;Digital Wallet;In-store;03/02/2023;;
TXN_6171384;Smoothie;2;4;8;Credit Card;Takeaway;12/09/2023;;
TXN_2530938;Smoothie;5;4;20;Cash;Takeaway;27/04/2023;;
TXN_3314971;Juice;3;3;9;Digital Wallet;Takeaway;04/05/2023;;
TXN_3092382;Coffee;5;2;10;Digital Wallet;Takeaway;21/02/2023;;
TXN_1001832;Salad;2;5;10;Cash;Takeaway;UNKNOWN;;
TXN_1535311;Juice;3;3;9;Cash;Takeaway;16/03/2023;;
TXN_2148617;Juice;3;3;9;Digital Wallet;Takeaway;10/01/2023;;
TXN_4633784;Juice;5;3;15;Digital Wallet;In-store;06/02/2023;;
TXN_4368416;Salad;2;5;10;Credit Card;Takeaway;24/02/2023;;
TXN_9210096;Smoothie;3;4;12;UNKNOWN;UNKNOWN;25/05/2023;;
TXN_9339456;Coffee;3;2;6;Cash;Takeaway;29/03/2023;;
TXN_5179020;Cake;2;3;6;Cash;Takeaway;18/06/2023;;
TXN_6258471;Coffee;5;2;10;Digital Wallet;In-store;23/09/2023;;
TXN_2940895;Cake;4;3;12;UNKNOWN;UNKNOWN;20/02/2023;;
TXN_4685453;Tea;4;1,5;6;Cash;In-store;14/09/2023;;
TXN_9646452;Juice;5;3;15;Credit Card;Takeaway;16/09/2023;;
TXN_9096052;Smoothie;4;4;16;Credit Card;Takeaway;28/12/2023;;
TXN_5916991;Juice;2;3;6;Digital Wallet;Takeaway;06/02/2023;;
TXN_3407169;Sandwich;2;4;8;Cash;In-store;11/03/2023;;
TXN_2277042;Tea;1;1,5;1,5;Cash;Takeaway;08/04/2023;;
TXN_2575160;Tea;5;1,5;7,5;UNKNOWN;UNKNOWN;02/01/2023;;
TXN_2181545;Juice;4;3;12;Credit Card;Takeaway;14/07/2023;;
TXN_1150033;Juice;5;3;15;Cash;In-store;18/04/2023;;
TXN_1486119;Cookie;4;1;4;UNKNOWN;UNKNOWN;24/08/2023;;
TXN_8700451;Tea;5;1,5;7,5;Credit Card;Takeaway;12/12/2023;;
TXN_6380550;Coffee;5;2;10;Cash;In-store;05/01/2023;;
TXN_4885518;Salad;3;5;15;Credit Card;In-store;10/06/2023;;
TXN_3972167;Sandwich;5;4;20;Digital Wallet;In-store;23/01/2023;;
TXN_4878378;Tea;1;1,5;1,5;Credit Card;Takeaway;20/02/2023;;
TXN_2484241;Cake;3;3;9;Digital Wallet;Takeaway;19/07/2023;;
TXN_2368126;Cake;5;3;15;Digital Wallet;In-store;06/12/2023;;
TXN_7943008;Coffee;1;2;2;Credit Card;Takeaway;UNKNOWN;;
TXN_8495063;Juice;3;3;9;Cash;Takeaway;31/05/2023;;
TXN_4811133;Salad;2;5;10;Cash;Takeaway;11/08/2023;;
TXN_8729570;Tea;5;1,5;7,5;Digital Wallet;In-store;03/09/2023;;
TXN_7623634;Cake;3;3;9;Credit Card;In-store;11/07/2023;;
TXN_9336980;Salad;4;5;20;Cash;In-store;06/06/2023;;
TXN_1691512;Smoothie;1;4;4;UNKNOWN;UNKNOWN;25/03/2023;;
TXN_5072031;Cake;2;3;6;Cash;Takeaway;23/03/2023;;
TXN_8687151;Salad;5;5;25;Cash;Takeaway;10/06/2023;;
TXN_4031509;Sandwich;4;4;16;Credit Card;Takeaway;04/01/2023;;
TXN_4265942;Coffee;5;2;10;UNKNOWN;UNKNOWN;24/04/2023;;
TXN_6837879;Juice;5;3;15;Digital Wallet;Takeaway;09/04/2023;;
TXN_1046659;Smoothie;3;4;12;Cash;Takeaway;14/12/2023;;
TXN_2032049;Salad;2;5;10;Credit Card;Takeaway;12/10/2023;;
TXN_1444479;Juice;1;3;3;Credit Card;Takeaway;10/12/2023;;
TXN_7251037;Salad;3;5;15;Credit Card;In-store;17/08/2023;;
TXN_9891576;Sandwich;3;4;12;Digital Wallet;Takeaway;28/04/2023;;
TXN_5315818;Salad;1;5;5;Digital Wallet;Takeaway;06/02/2023;;
TXN_9830755;Cookie;5;1;5;Digital Wallet;Takeaway;24/06/2023;;
TXN_8833319;Salad;3;5;15;Cash;Takeaway;01/10/2023;;
TXN_4353750;Cake;2;3;6;Credit Card;Takeaway;02/03/2023;;
TXN_8809659;Juice;2;3;6;Cash;Takeaway;16/01/2023;;
TXN_2104550;Coffee;3;2;6;Credit Card;In-store;08/09/2023;;
TXN_7554731;Cake;1;3;3;Credit Card;In-store;02/02/2023;;
TXN_8743142;Cookie;1;1;1;Digital Wallet;In-store;UNKNOWN;;
TXN_8652021;Cake;1;3;3;Credit Card;In-store;23/09/2023;;
TXN_3744962;Salad;1;5;5;Digital Wallet;In-store;26/07/2023;;
TXN_7312277;Juice;4;3;12;Digital Wallet;In-store;07/09/2023;;
TXN_2342308;Cookie;5;1;5;Digital Wallet;Takeaway;20/05/2023;;
TXN_7797507;Sandwich;5;4;20;Digital Wallet;Takeaway;06/06/2023;;
TXN_3121360;Cake;3;3;9;Digital Wallet;Takeaway;21/01/2023;;
TXN_5568416;Cake;5;3;15;Credit Card;Takeaway;06/09/2023;;
TXN_3918096;Juice;4;3;12;UNKNOWN;UNKNOWN;17/08/2023;;
TXN_5734186;Juice;3;3;9;Cash;Takeaway;03/04/2023;;
TXN_5107025;Tea;2;1,5;3;Digital Wallet;In-store;19/02/2023;;
TXN_7975387;Smoothie;2;4;8;Credit Card;Takeaway;23/03/2023;;
TXN_5209346;Smoothie;3;4;12;Credit Card;In-store;22/02/2023;;
TXN_8947660;Coffee;1;2;2;Digital Wallet;In-store;03/09/2023;;
TXN_8013818;Tea;2;1,5;3;UNKNOWN;UNKNOWN;24/07/2023;;
TXN_6571385;Tea;4;1,5;6;Cash;Takeaway;06/01/2023;;
TXN_6430534;Tea;5;1,5;7,5;Cash;Takeaway;29/01/2023;;
TXN_6467414;Tea;3;1,5;4,5;Cash;Takeaway;06/01/2023;;
TXN_2861912;Coffee;3;2;6;Digital Wallet;In-store;25/03/2023;;
TXN_8347965;Salad;1;5;5;Cash;Takeaway;17/03/2023;;
TXN_9693344;Tea;4;1,5;6;Credit Card;Takeaway;15/01/2023;;
TXN_9801552;Sandwich;4;4;16;Credit Card;Takeaway;20/04/2023;;
TXN_3765707;Sandwich;1;4;4;UNKNOWN;UNKNOWN;10/06/2023;;
TXN_8082317;Juice;3;3;9;Cash;Takeaway;18/08/2023;;
TXN_1569729;Smoothie;5;4;20;Cash;Takeaway;16/07/2023;;
TXN_2616390;Sandwich;2;4;8;UNKNOWN;UNKNOWN;18/09/2023;;
TXN_6688524;Coffee;4;2;8;UNKNOWN;UNKNOWN;29/06/2023;;
TXN_8991609;Salad;4;5;20;Digital Wallet;In-store;19/06/2023;;
TXN_5000665;Cake;3;3;9;Digital Wallet;In-store;28/11/2023;;
TXN_1491578;Cookie;2;1;2;UNKNOWN;UNKNOWN;23/02/2023;;
TXN_6549359;Tea;3;1,5;4,5;Cash;Takeaway;21/04/2023;;
TXN_8833173;Smoothie;4;4;16;Digital Wallet;Takeaway;14/03/2023;;
TXN_8449081;Cookie;2;1;2;Digital Wallet;In-store;24/02/2023;;
TXN_7153321;Salad;5;5;25;Credit Card;Takeaway;19/12/2023;;
TXN_2935761;Smoothie;4;4;16;Digital Wallet;Takeaway;01/04/2023;;
TXN_7328705;Cookie;4;1;4;Digital Wallet;Takeaway;09/09/2023;;
TXN_9499313;Juice;5;3;15;UNKNOWN;UNKNOWN;02/03/2023;;
TXN_8970187;Cake;1;3;3;Digital Wallet;Takeaway;13/03/2023;;
TXN_4385632;Tea;5;1,5;7,5;Cash;Takeaway;18/06/2023;;
TXN_4343133;Cookie;4;1;4;Digital Wallet;Takeaway;04/03/2023;;
TXN_7712544;Cookie;3;1;3;Cash;Takeaway;06/05/2023;;
TXN_6904952;Salad;4;5;20;Digital Wallet;Takeaway;04/04/2023;;
TXN_4023091;Smoothie;3;4;12;Credit Card;Takeaway;24/07/2023;;
TXN_6005707;Juice;3;3;9;Cash;Takeaway;06/02/2023;;
TXN_9824238;Tea;5;1,5;7,5;Cash;In-store;14/07/2023;;
TXN_2867795;Cookie;1;1;1;Credit Card;Takeaway;26/06/2023;;
TXN_8434259;Tea;2;1,5;3;Digital Wallet;Takeaway;UNKNOWN;;
TXN_5437961;Sandwich;3;4;12;Digital Wallet;In-store;30/06/2023;;
TXN_3440463;Cake;3;3;9;Credit Card;Takeaway;04/04/2023;;
TXN_1242840;Smoothie;1;4;4;Credit Card;Takeaway;26/08/2023;;
TXN_2997717;Cake;4;3;12;Credit Card;Takeaway;19/10/2023;;
TXN_4440412;Sandwich;3;4;12;Cash;Takeaway;15/04/2023;;
TXN_9897583;Coffee;2;2;4;Digital Wallet;Takeaway;20/01/2023;;
TXN_9772498;Cake;4;3;12;Cash;Takeaway;21/08/2023;;
TXN_7908929;Tea;2;1,5;3;Digital Wallet;Takeaway;18/11/2023;;
TXN_6411390;Juice;3;3;9;Cash;Takeaway;07/09/2023;;
TXN_5784400;Cake;4;3;12;Digital Wallet;Takeaway;25/11/2023;;
TXN_9660737;Cookie;5;1;5;Cash;Takeaway;19/05/2023;;
TXN_9719954;Tea;1;1,5;1,5;Digital Wallet;Takeaway;UNKNOWN;;
TXN_3287282;Tea;2;1,5;3;Digital Wallet;Takeaway;23/09/2023;;
TXN_9023317;Salad;1;5;5;UNKNOWN;UNKNOWN;30/09/2023;;
TXN_6068074;Smoothie;2;4;8;Cash;In-store;01/06/2023;;
TXN_2265329;Cake;5;3;15;Credit Card;Takeaway;23/12/2023;;
TXN_2123367;Cookie;2;1;2;UNKNOWN;UNKNOWN;07/11/2023;;
TXN_4235472;Salad;5;5;25;Cash;Takeaway;22/12/2023;;
TXN_1701798;Coffee;2;2;4;Cash;Takeaway;24/07/2023;;
TXN_4352950;Coffee;1;2;2;Digital Wallet;Takeaway;06/02/2023;;
TXN_4807899;Coffee;5;2;10;Digital Wallet;Takeaway;03/07/2023;;
TXN_4916085;Juice;1;3;3;Digital Wallet;Takeaway;03/03/2023;;
TXN_2764819;Juice;1;3;3;Credit Card;Takeaway;23/02/2023;;
TXN_2102950;Coffee;5;2;10;Digital Wallet;Takeaway;07/12/2023;;
TXN_5530180;Cookie;5;1;5;Digital Wallet;In-store;06/09/2023;;
TXN_7447872;Juice;2;3;6;UNKNOWN;UNKNOWN;;;
TXN_7914312;Sandwich;5;4;20;Digital Wallet;In-store;06/06/2023;;
TXN_5282804;Sandwich;1;4;4;Credit Card;Takeaway;01/12/2023;;
TXN_6526078;Sandwich;5;4;20;Cash;Takeaway;07/11/2023;;
TXN_9790731;Cake;2;3;6;UNKNOWN;UNKNOWN;02/06/2023;;
TXN_7945375;Juice;3;3;9;UNKNOWN;UNKNOWN;14/01/2023;;
TXN_2210019;Sandwich;3;4;12;Cash;In-store;05/12/2023;;
TXN_9273729;Tea;1;1,5;1,5;UNKNOWN;UNKNOWN;19/12/2023;;
TXN_2617632;Smoothie;4;4;16;Digital Wallet;Takeaway;17/10/2023;;
TXN_5585601;Cake;4;3;12;Cash;Takeaway;28/05/2023;;
TXN_8019306;Juice;1;3;3;Credit Card;Takeaway;21/05/2023;;
TXN_6469563;Juice;5;3;15;Credit Card;Takeaway;04/03/2023;;
TXN_4059695;Salad;3;5;15;Cash;Takeaway;30/12/2023;;
TXN_2393287;Juice;2;3;6;Cash;Takeaway;14/04/2023;;
TXN_3799280;Coffee;5;2;10;Cash;Takeaway;23/09/2023;;
TXN_1454024;Cookie;5;1;5;Digital Wallet;Takeaway;UNKNOWN;;
TXN_2749862;Salad;3;5;15;Digital Wallet;Takeaway;19/07/2023;;
TXN_3863625;Salad;5;5;25;Cash;In-store;04/09/2023;;
TXN_2928676;Cookie;1;1;1;Credit Card;Takeaway;09/06/2023;;
TXN_4030763;Salad;2;5;10;Cash;Takeaway;17/06/2023;;
TXN_6853830;Tea;5;1,5;7,5;Digital Wallet;In-store;13/07/2023;;
TXN_3877643;Juice;4;3;12;Cash;In-store;15/11/2023;;
TXN_9395554;Coffee;4;2;8;Cash;Takeaway;31/03/2023;;
TXN_3755657;Smoothie;2;4;8;Digital Wallet;In-store;24/03/2023;;
TXN_6987232;Juice;5;3;15;Digital Wallet;Takeaway;02/06/2023;;
TXN_8045032;Juice;4;3;12;Digital Wallet;In-store;20/02/2023;;
TXN_3288233;Juice;5;3;15;Cash;Takeaway;24/12/2023;;
TXN_1443912;Juice;2;3;6;UNKNOWN;UNKNOWN;08/06/2023;;
TXN_8932087;Cookie;3;1;3;Digital Wallet;Takeaway;30/10/2023;;
TXN_6189486;Sandwich;5;4;20;Cash;Takeaway;23/03/2023;;
TXN_2489067;Juice;2;3;6;Cash;Takeaway;05/07/2023;;
TXN_7293600;Cake;3;3;9;Digital Wallet;Takeaway;28/10/2023;;
TXN_3147874;Cookie;1;1;1;Digital Wallet;Takeaway;UNKNOWN;;
TXN_5279293;Sandwich;3;4;12;Digital Wallet;Takeaway;11/11/2023;;
TXN_3488082;Sandwich;1;4;4;Digital Wallet;In-store;12/04/2023;;
TXN_3342106;Sandwich;1;4;4;Credit Card;In-store;14/01/2023;;
TXN_3713880;Salad;5;5;25;Digital Wallet;In-store;30/06/2023;;
TXN_1967032;Tea;1;1,5;1,5;Digital Wallet;Takeaway;12/01/2023;;
TXN_6587151;Smoothie;4;4;16;Credit Card;Takeaway;07/10/2023;;
TXN_2630698;Sandwich;2;4;8;Cash;Takeaway;22/08/2023;;
TXN_3632558;Coffee;2;2;4;Cash;Takeaway;10/08/2023;;
TXN_8228500;Tea;3;1,5;4,5;Digital Wallet;In-store;15/04/2023;;
TXN_9708632;Coffee;5;2;10;Digital Wallet;In-store;UNKNOWN;;
TXN_3543930;Juice;2;3;6;Credit Card;Takeaway;10/10/2023;;
TXN_1037464;Sandwich;5;4;20;Digital Wallet;Takeaway;14/02/2023;;
TXN_3424331;Cake;4;3;12;UNKNOWN;UNKNOWN;18/01/2023;;
TXN_4553403;Coffee;5;2;10;Digital Wallet;In-store;20/06/2023;;
TXN_5747509;Cookie;2;1;2;Cash;In-store;30/10/2023;;
TXN_7910572;Sandwich;4;4;16;Cash;Takeaway;07/07/2023;;
TXN_9012517;Coffee;2;2;4;Credit Card;In-store;21/10/2023;;
TXN_5265095;Coffee;1;2;2;UNKNOWN;UNKNOWN;23/06/2023;;
TXN_5303092;Tea;2;1,5;3;Credit Card;In-store;05/05/2023;;
TXN_3136657;Cake;2;3;6;Cash;In-store;21/09/2023;;
TXN_3865641;Cake;5;3;15;Digital Wallet;In-store;15/09/2023;;
TXN_1049697;Tea;3;1,5;4,5;Cash;In-store;08/10/2023;;
TXN_3420316;Sandwich;3;4;12;Cash;Takeaway;31/10/2023;;
TXN_6568307;Coffee;1;2;2;Cash;In-store;16/07/2023;;
TXN_8281347;Juice;4;3;12;Credit Card;In-store;11/08/2023;;
TXN_8353202;Sandwich;4;4;16;Digital Wallet;In-store;14/06/2023;;
TXN_7377398;Juice;2;3;6;Cash;Takeaway;26/02/2023;;
TXN_6915068;Juice;2;3;6;Cash;In-store;26/11/2023;;
TXN_7032922;Sandwich;4;4;16;UNKNOWN;UNKNOWN;18/08/2023;;
TXN_1983422;Cookie;2;1;2;Digital Wallet;In-store;26/06/2023;;
TXN_1603186;Cake;3;3;9;Cash;Takeaway;13/10/2023;;
TXN_5572520;Smoothie;5;4;20;Cash;Takeaway;14/05/2023;;
TXN_2021680;Juice;3;3;9;Cash;Takeaway;16/08/2023;;
TXN_6752053;Smoothie;4;4;16;UNKNOWN;UNKNOWN;13/05/2023;;
TXN_6123007;Coffee;3;2;6;Digital Wallet;Takeaway;28/05/2023;;
TXN_2832660;Smoothie;2;4;8;Credit Card;Takeaway;08/01/2023;;
TXN_7697496;Salad;1;5;5;Cash;Takeaway;18/06/2023;;
TXN_9802838;Tea;1;1,5;1,5;Cash;Takeaway;15/02/2023;;
TXN_4011509;Smoothie;4;4;16;Digital Wallet;Takeaway;10/11/2023;;
TXN_6786730;Coffee;1;2;2;Credit Card;Takeaway;15/04/2023;;
TXN_3641356;Juice;3;3;9;Credit Card;In-store;26/07/2023;;
TXN_8245502;Salad;1;5;5;Credit Card;Takeaway;16/03/2023;;
TXN_3645818;Cookie;1;1;1;Digital Wallet;Takeaway;18/03/2023;;
TXN_1318238;Sandwich;3;4;12;Digital Wallet;Takeaway;23/09/2023;;
TXN_1970180;Cake;2;3;6;Digital Wallet;Takeaway;02/08/2023;;
TXN_5415223;Tea;2;1,5;3;Cash;In-store;02/09/2023;;
TXN_4777601;Tea;1;1,5;1,5;Credit Card;In-store;18/08/2023;;
TXN_2023651;Sandwich;3;4;12;Cash;In-store;25/05/2023;;
TXN_5110688;Salad;3;5;15;Digital Wallet;Takeaway;09/05/2023;;
TXN_7497122;Sandwich;5;4;20;Digital Wallet;Takeaway;23/03/2023;;
TXN_4870483;Coffee;1;2;2;Cash;Takeaway;03/03/2023;;
TXN_3003979;Tea;1;1,5;1,5;Digital Wallet;Takeaway;08/01/2023;;
TXN_3838923;Juice;4;3;12;Cash;Takeaway;03/06/2023;;
TXN_1998143;Cookie;1;1;1;Digital Wallet;In-store;10/12/2023;;
TXN_2458782;Salad;1;5;5;Cash;Takeaway;15/04/2023;;
TXN_1256513;Coffee;4;2;8;Credit Card;In-store;21/02/2023;;
TXN_6266187;Tea;5;1,5;7,5;Credit Card;In-store;UNKNOWN;;
TXN_9432758;Cookie;3;1;3;Cash;Takeaway;02/10/2023;;
TXN_1929109;Sandwich;5;4;20;UNKNOWN;UNKNOWN;ERROR;;
TXN_7174856;Sandwich;1;4;4;Cash;Takeaway;03/05/2023;;
TXN_5548756;Cookie;4;1;4;Credit Card;Takeaway;09/09/2023;;
TXN_2736267;Salad;5;5;25;Digital Wallet;In-store;17/03/2023;;
TXN_7595907;Juice;5;3;15;Digital Wallet;In-store;24/04/2023;;
TXN_1990997;Salad;1;5;5;Digital Wallet;Takeaway;27/03/2023;;
TXN_8126049;Sandwich;3;4;12;UNKNOWN;UNKNOWN;ERROR;;
TXN_7325508;Salad;4;5;20;Credit Card;Takeaway;27/05/2023;;
TXN_5398134;Coffee;2;2;4;Credit Card;Takeaway;01/10/2023;;
TXN_2150872;Juice;5;3;15;Cash;Takeaway;18/03/2023;;
TXN_6563365;Juice;4;3;12;Cash;Takeaway;UNKNOWN;;
TXN_2644962;Smoothie;3;4;12;UNKNOWN;UNKNOWN;09/04/2023;;
TXN_1936447;Cookie;2;1;2;Cash;Takeaway;28/10/2023;;
TXN_8469087;Salad;2;5;10;Digital Wallet;Takeaway;06/11/2023;;
TXN_5556985;Juice;3;3;9;Digital Wallet;In-store;UNKNOWN;;
TXN_8621589;Juice;5;3;15;Digital Wallet;Takeaway;15/11/2023;;
TXN_9901097;Coffee;1;2;2;Cash;Takeaway;07/01/2023;;
TXN_8783484;Smoothie;1;4;4;Cash;In-store;20/11/2023;;
TXN_9599703;Cake;2;3;6;Digital Wallet;In-store;25/09/2023;;
TXN_1353248;Sandwich;3;4;12;Cash;Takeaway;03/09/2023;;
TXN_2470745;Sandwich;2;4;8;Digital Wallet;Takeaway;10/01/2023;;
TXN_1266598;Cake;4;3;12;Digital Wallet;Takeaway;05/04/2023;;
TXN_5445994;Juice;1;3;3;Credit Card;In-store;11/06/2023;;
TXN_5689687;Cake;5;3;15;Digital Wallet;In-store;04/06/2023;;
TXN_2208733;Juice;1;3;3;Cash;Takeaway;20/06/2023;;
TXN_1547245;Sandwich;3;4;12;Cash;Takeaway;11/09/2023;;
TXN_4694285;Tea;3;1,5;4,5;Digital Wallet;In-store;25/01/2023;;
TXN_3829375;Juice;5;3;15;Cash;Takeaway;18/12/2023;;
TXN_1932224;Coffee;1;2;2;Credit Card;Takeaway;09/09/2023;;
TXN_5468153;Smoothie;5;4;20;Digital Wallet;In-store;15/12/2023;;
TXN_9363711;Coffee;5;2;10;Digital Wallet;Takeaway;23/11/2023;;
TXN_6845073;Cookie;1;1;1;Credit Card;In-store;05/04/2023;;
TXN_1621227;Coffee;2;2;4;Cash;Takeaway;UNKNOWN;;
TXN_1691313;Sandwich;2;4;8;Digital Wallet;Takeaway;17/03/2023;;
TXN_4007522;Cake;3;3;9;Cash;Takeaway;20/12/2023;;
TXN_3175177;Juice;3;3;9;Credit Card;Takeaway;24/10/2023;;
TXN_9282265;Salad;2;5;10;Credit Card;Takeaway;20/03/2023;;
TXN_8265257;Coffee;1;2;2;Digital Wallet;In-store;25/10/2023;;
TXN_5425668;Cookie;5;1;5;Cash;Takeaway;09/04/2023;;
TXN_7738455;Tea;3;1,5;4,5;Digital Wallet;Takeaway;05/06/2023;;
TXN_7349681;Salad;1;5;5;Cash;In-store;09/08/2023;;
TXN_2161255;Sandwich;3;4;12;UNKNOWN;UNKNOWN;08/06/2023;;
TXN_2101934;Smoothie;4;4;16;Cash;In-store;27/11/2023;;
TXN_1525583;Sandwich;3;4;12;Cash;Takeaway;20/05/2023;;
TXN_6110108;Tea;5;1,5;7,5;Cash;Takeaway;10/02/2023;;
TXN_9205425;Sandwich;3;4;12;Digital Wallet;Takeaway;16/09/2023;;
TXN_9306482;Smoothie;2;4;8;Digital Wallet;Takeaway;16/01/2023;;
TXN_1419790;Sandwich;3;4;12;UNKNOWN;UNKNOWN;06/01/2023;;
TXN_3162244;Sandwich;5;4;20;Digital Wallet;In-store;15/12/2023;;
TXN_9121687;Sandwich;2;4;8;Digital Wallet;In-store;13/05/2023;;
TXN_3182191;Cake;5;3;15;Digital Wallet;Takeaway;21/07/2023;;
TXN_4734366;Smoothie;1;4;4;Credit Card;Takeaway;20/08/2023;;
TXN_7368518;Juice;3;3;9;UNKNOWN;UNKNOWN;14/03/2023;;
TXN_7341975;Juice;2;3;6;Digital Wallet;Takeaway;29/07/2023;;
TXN_8500316;Sandwich;4;4;16;UNKNOWN;UNKNOWN;10/03/2023;;
TXN_4224284;Cookie;2;1;2;Cash;Takeaway;04/09/2023;;
TXN_2177436;Cake;1;3;3;Cash;Takeaway;13/03/2023;;
TXN_5097542;Cake;5;3;15;Cash;Takeaway;15/05/2023;;
TXN_4260738;Coffee;2;2;4;Digital Wallet;In-store;15/11/2023;;
TXN_6774559;Cookie;2;1;2;UNKNOWN;UNKNOWN;18/02/2023;;
TXN_4130343;Coffee;4;2;8;Credit Card;In-store;08/12/2023;;
TXN_3028667;Juice;2;3;6;Cash;Takeaway;24/11/2023;;
TXN_8592808;Sandwich;1;4;4;Credit Card;Takeaway;02/04/2023;;
TXN_5875201;Cookie;4;1;4;Digital Wallet;In-store;31/01/2023;;
TXN_6849062;Coffee;5;2;10;Cash;Takeaway;30/07/2023;;
TXN_7668576;Juice;2;3;6;UNKNOWN;UNKNOWN;08/11/2023;;
TXN_6090715;Juice;3;3;9;Credit Card;In-store;14/11/2023;;
TXN_9162014;Cake;1;3;3;Cash;Takeaway;21/07/2023;;
TXN_4751689;Smoothie;3;4;12;Cash;In-store;28/07/2023;;
TXN_2200163;Coffee;4;2;8;Cash;Takeaway;13/03/2023;;
TXN_7310903;Smoothie;3;4;12;Credit Card;Takeaway;10/09/2023;;
TXN_7155957;Salad;5;5;25;Digital Wallet;In-store;22/02/2023;;
TXN_4350828;Juice;2;3;6;Digital Wallet;In-store;16/02/2023;;
TXN_4727260;Tea;2;1,5;3;UNKNOWN;UNKNOWN;30/01/2023;;
TXN_6868763;Juice;3;3;9;Digital Wallet;In-store;13/01/2023;;
TXN_6156180;Coffee;5;2;10;Cash;Takeaway;25/07/2023;;
TXN_4970127;Tea;1;1,5;1,5;Digital Wallet;In-store;09/12/2023;;
TXN_9567719;Sandwich;5;4;20;Digital Wallet;In-store;24/01/2023;;
TXN_2950265;Salad;3;5;15;Credit Card;Takeaway;23/08/2023;;
TXN_1556609;Sandwich;1;4;4;Digital Wallet;Takeaway;21/07/2023;;
TXN_2203547;Juice;3;3;9;Digital Wallet;In-store;01/07/2023;;
TXN_1084010;Smoothie;2;4;8;Credit Card;In-store;11/08/2023;;
TXN_4218637;Tea;5;1,5;7,5;Cash;Takeaway;31/08/2023;;
TXN_2245465;Salad;2;5;10;Digital Wallet;Takeaway;27/12/2023;;
TXN_4742049;Juice;1;3;3;Credit Card;Takeaway;10/09/2023;;
TXN_8237192;Sandwich;3;4;12;UNKNOWN;UNKNOWN;03/10/2023;;
TXN_4840522;Smoothie;3;4;12;Digital Wallet;In-store;16/06/2023;;
TXN_8704802;Smoothie;3;4;12;UNKNOWN;UNKNOWN;30/08/2023;;
TXN_3135264;Juice;2;3;6;Digital Wallet;Takeaway;25/08/2023;;
TXN_2180562;Salad;2;5;10;Cash;Takeaway;02/07/2023;;
TXN_5905580;Cookie;3;1;3;Cash;Takeaway;20/02/2023;;
TXN_5993677;Cake;4;3;12;Cash;Takeaway;28/01/2023;;
TXN_8984991;Smoothie;3;4;12;Credit Card;Takeaway;17/05/2023;;
TXN_3522597;Tea;3;1,5;4,5;Digital Wallet;In-store;04/02/2023;;
TXN_9220900;Cookie;4;1;4;UNKNOWN;UNKNOWN;19/06/2023;;
TXN_6769554;Coffee;5;2;10;Credit Card;Takeaway;06/02/2023;;
TXN_5761414;Smoothie;1;4;4;Digital Wallet;Takeaway;02/10/2023;;
TXN_5157516;Salad;3;5;15;Digital Wallet;In-store;09/10/2023;;
TXN_2614633;Coffee;4;2;8;Digital Wallet;In-store;23/04/2023;;
TXN_3781240;Cake;5;3;15;Cash;Takeaway;27/05/2023;;
TXN_7068823;Sandwich;4;4;16;Cash;Takeaway;28/06/2023;;
TXN_2085081;Cake;2;3;6;Cash;Takeaway;14/03/2023;;
TXN_3399636;Juice;3;3;9;Digital Wallet;Takeaway;07/08/2023;;
TXN_8587529;Cookie;2;1;2;Credit Card;Takeaway;09/07/2023;;
TXN_1476775;Salad;3;5;15;Credit Card;Takeaway;01/11/2023;;
TXN_6945985;Tea;3;1,5;4,5;Digital Wallet;In-store;13/02/2023;;
TXN_4117627;Cake;3;3;9;Credit Card;In-store;22/06/2023;;
TXN_7530300;Coffee;3;2;6;Digital Wallet;Takeaway;08/05/2023;;
TXN_7071783;Cookie;4;1;4;Cash;Takeaway;04/07/2023;;
TXN_3676305;Salad;5;5;25;Credit Card;Takeaway;14/06/2023;;
TXN_8867827;Tea;1;1,5;1,5;Digital Wallet;Takeaway;14/01/2023;;
TXN_9061106;Cake;4;3;12;Digital Wallet;Takeaway;04/11/2023;;
TXN_1245485;Cake;1;3;3;Digital Wallet;Takeaway;15/05/2023;;
TXN_1357780;Tea;4;1,5;6;Digital Wallet;In-store;23/10/2023;;
TXN_4075053;Sandwich;3;4;12;Digital Wallet;Takeaway;27/02/2023;;
TXN_6113724;Coffee;1;2;2;Digital Wallet;Takeaway;26/03/2023;;
TXN_6496176;Cookie;4;1;4;Digital Wallet;In-store;26/07/2023;;
TXN_2381411;Coffee;5;2;10;Cash;In-store;30/07/2023;;
TXN_1254663;Coffee;3;2;6;UNKNOWN;UNKNOWN;15/08/2023;;
TXN_3820150;Tea;1;1,5;1,5;UNKNOWN;UNKNOWN;10/05/2023;;
TXN_2546684;Juice;3;3;9;Digital Wallet;Takeaway;08/04/2023;;
TXN_4623468;Coffee;5;2;10;Credit Card;Takeaway;UNKNOWN;;
TXN_2168277;Cookie;1;1;1;Cash;Takeaway;02/06/2023;;
TXN_9178545;Juice;4;3;12;Cash;In-store;24/01/2023;;
TXN_8535886;Tea;5;1,5;7,5;Credit Card;In-store;13/05/2023;;
TXN_1037486;Salad;5;5;25;Digital Wallet;In-store;UNKNOWN;;
TXN_7978452;Cake;5;3;15;Digital Wallet;Takeaway;03/10/2023;;
TXN_2660576;Sandwich;1;4;4;UNKNOWN;UNKNOWN;15/05/2023;;
TXN_6926855;Sandwich;3;4;12;Cash;Takeaway;12/01/2023;;
TXN_9869593;Cake;2;3;6;Digital Wallet;Takeaway;03/10/2023;;
TXN_8407849;Cookie;2;1;2;UNKNOWN;UNKNOWN;05/05/2023;;
TXN_4430006;Juice;5;3;15;UNKNOWN;UNKNOWN;14/01/2023;;
TXN_5332773;Coffee;2;2;4;Digital Wallet;Takeaway;04/05/2023;;
TXN_5402821;Salad;4;5;20;UNKNOWN;UNKNOWN;29/11/2023;;
TXN_7508715;Smoothie;2;4;8;Cash;In-store;11/12/2023;;
TXN_9728789;Cookie;3;1;3;Cash;In-store;29/03/2023;;
TXN_8061866;Salad;4;5;20;Cash;Takeaway;13/12/2023;;
TXN_4336844;Smoothie;4;4;16;UNKNOWN;UNKNOWN;09/07/2023;;
TXN_1099119;Smoothie;4;4;16;Cash;Takeaway;09/02/2023;;
TXN_7539585;Smoothie;5;4;20;UNKNOWN;UNKNOWN;20/10/2023;;
TXN_8627017;Tea;4;1,5;6;Cash;In-store;28/01/2023;;
TXN_7468084;Coffee;5;2;10;Credit Card;Takeaway;14/06/2023;;
TXN_1185069;Salad;1;5;5;Digital Wallet;Takeaway;21/02/2023;;
TXN_5100941;Cookie;3;1;3;Digital Wallet;Takeaway;11/07/2023;;
TXN_6428745;Cake;1;3;3;Cash;Takeaway;02/06/2023;;
TXN_4096757;Salad;5;5;25;Credit Card;In-store;20/07/2023;;
TXN_6057914;Smoothie;2;4;8;Digital Wallet;Takeaway;18/03/2023;;
TXN_2517078;Sandwich;2;4;8;Digital Wallet;In-store;07/03/2023;;
TXN_2890321;Tea;3;1,5;4,5;Cash;In-store;13/06/2023;;
TXN_9889005;Cake;3;3;9;UNKNOWN;UNKNOWN;16/12/2023;;
TXN_1866707;Smoothie;3;4;12;Cash;Takeaway;05/06/2023;;
TXN_2585392;Salad;4;5;20;UNKNOWN;UNKNOWN;12/07/2023;;
TXN_8488298;Cake;3;3;9;Cash;Takeaway;03/11/2023;;
TXN_2515796;Tea;3;1,5;4,5;Credit Card;Takeaway;06/02/2023;;
TXN_2369294;Sandwich;2;4;8;Cash;Takeaway;07/09/2023;;
TXN_9444736;Tea;5;1,5;7,5;Credit Card;Takeaway;23/04/2023;;
TXN_4764398;Sandwich;2;4;8;Credit Card;Takeaway;13/06/2023;;
TXN_6123633;Salad;3;5;15;UNKNOWN;UNKNOWN;16/01/2023;;
TXN_1993675;Cookie;3;1;3;Cash;Takeaway;09/01/2023;;
TXN_7754136;Cookie;1;1;1;Credit Card;In-store;12/07/2023;;
TXN_4873173;Coffee;5;2;10;Cash;Takeaway;08/10/2023;;
TXN_7221126;Tea;5;1,5;7,5;Digital Wallet;In-store;11/10/2023;;
TXN_4537288;Cookie;1;1;1;Cash;Takeaway;25/02/2023;;
TXN_5492760;Cake;2;3;6;Cash;Takeaway;UNKNOWN;;
TXN_5079166;Salad;5;5;25;Credit Card;Takeaway;15/04/2023;;
TXN_4597600;Cookie;3;1;3;Cash;Takeaway;15/11/2023;;
TXN_6568440;Cookie;1;1;1;Cash;Takeaway;15/06/2023;;
TXN_8488163;Sandwich;3;4;12;UNKNOWN;UNKNOWN;19/01/2023;;
TXN_4780352;Salad;1;5;5;Digital Wallet;Takeaway;12/01/2023;;
TXN_6419344;Juice;1;3;3;Cash;In-store;26/05/2023;;
TXN_3669068;Cake;5;3;15;Cash;Takeaway;17/01/2023;;
TXN_2201248;Tea;1;1,5;1,5;Cash;Takeaway;20/07/2023;;
TXN_4432252;Smoothie;5;4;20;Credit Card;Takeaway;16/02/2023;;
TXN_3055407;Tea;2;1,5;3;UNKNOWN;UNKNOWN;03/06/2023;;
TXN_4981027;Coffee;3;2;6;UNKNOWN;UNKNOWN;02/08/2023;;
TXN_5946554;Cake;3;3;9;UNKNOWN;UNKNOWN;01/03/2023;;
TXN_8961034;Juice;2;3;6;UNKNOWN;UNKNOWN;21/01/2023;;
TXN_9737509;Tea;5;1,5;7,5;Digital Wallet;In-store;27/11/2023;;
TXN_8749404;Coffee;4;2;8;Digital Wallet;In-store;16/12/2023;;
TXN_2069068;Cake;5;3;15;Digital Wallet;In-store;15/06/2023;;
TXN_7010812;Salad;2;5;10;Digital Wallet;In-store;13/11/2023;;
TXN_6411385;Salad;4;5;20;Cash;Takeaway;06/06/2023;;
TXN_4375698;Sandwich;5;4;20;Credit Card;In-store;30/12/2023;;
TXN_4768744;Tea;5;1,5;7,5;Cash;In-store;14/05/2023;;
TXN_5260646;Tea;4;1,5;6;Cash;Takeaway;18/11/2023;;
TXN_2393219;Juice;4;3;12;Digital Wallet;In-store;27/12/2023;;
TXN_4544172;Juice;1;3;3;Digital Wallet;Takeaway;20/05/2023;;
TXN_1180623;Sandwich;5;4;20;Digital Wallet;In-store;23/09/2023;;
TXN_8275137;Salad;4;5;20;Cash;Takeaway;16/11/2023;;
TXN_3758861;Smoothie;3;4;12;Credit Card;Takeaway;03/07/2023;;
TXN_2421387;Cookie;4;1;4;UNKNOWN;UNKNOWN;09/04/2023;;
TXN_8661276;Cookie;1;1;1;Digital Wallet;In-store;07/01/2023;;
TXN_5974796;Sandwich;4;4;16;Cash;In-store;09/11/2023;;
TXN_9880967;Cookie;3;1;3;Credit Card;In-store;15/01/2023;;
TXN_5452978;Salad;2;5;10;Cash;In-store;10/04/2023;;
TXN_7231153;Salad;1;5;5;Cash;In-store;15/06/2023;;
TXN_6455517;Cake;2;3;6;Cash;Takeaway;04/08/2023;;
TXN_4038488;Juice;3;3;9;Credit Card;Takeaway;05/12/2023;;
TXN_4808812;Smoothie;4;4;16;UNKNOWN;UNKNOWN;31/05/2023;;
TXN_9655661;Juice;1;3;3;Digital Wallet;Takeaway;07/06/2023;;
TXN_7932830;Juice;2;3;6;Cash;Takeaway;08/01/2023;;
TXN_1931190;Cookie;3;1;3;Cash;Takeaway;31/12/2023;;
TXN_8633758;Salad;1;5;5;Credit Card;Takeaway;24/09/2023;;
TXN_4887189;Smoothie;3;4;12;Cash;Takeaway;19/07/2023;;
TXN_7687146;Coffee;1;2;2;Digital Wallet;Takeaway;02/12/2023;;
TXN_9728414;Tea;1;1,5;1,5;Credit Card;Takeaway;11/01/2023;;
TXN_3081950;Cookie;1;1;1;Digital Wallet;Takeaway;01/05/2023;;
TXN_7589318;Cake;4;3;12;Cash;In-store;21/09/2023;;
TXN_9452972;Sandwich;3;4;12;Digital Wallet;Takeaway;10/02/2023;;
TXN_9299563;Juice;5;3;15;Credit Card;Takeaway;27/03/2023;;
TXN_2273499;Coffee;3;2;6;Cash;Takeaway;27/01/2023;;
TXN_9745609;Salad;3;5;15;UNKNOWN;UNKNOWN;05/02/2023;;
TXN_8732269;Cake;2;3;6;Credit Card;Takeaway;11/01/2023;;
TXN_6763296;Coffee;5;2;10;Cash;Takeaway;04/10/2023;;
TXN_3758250;Salad;3;5;15;Cash;In-store;08/09/2023;;
TXN_7764304;Cake;1;3;3;Credit Card;Takeaway;09/01/2023;;
TXN_8697749;Cookie;3;1;3;Cash;Takeaway;24/07/2023;;
TXN_6904247;Sandwich;3;4;12;Credit Card;Takeaway;19/09/2023;;
TXN_6027798;Cookie;2;1;2;Digital Wallet;Takeaway;26/05/2023;;
TXN_8696392;Juice;1;3;3;UNKNOWN;UNKNOWN;16/04/2023;;
TXN_8196921;Coffee;4;2;8;Credit Card;Takeaway;19/05/2023;;
TXN_9289408;Coffee;4;2;8;Digital Wallet;Takeaway;23/09/2023;;
TXN_3771902;Juice;5;3;15;Cash;Takeaway;31/03/2023;;
TXN_8506937;Salad;3;5;15;Digital Wallet;In-store;07/09/2023;;
TXN_6706566;Cookie;3;1;3;Cash;Takeaway;01/09/2023;;
TXN_6217375;Smoothie;5;4;20;Cash;Takeaway;07/12/2023;;
TXN_3779320;Tea;4;1,5;6;Credit Card;In-store;27/03/2023;;
TXN_2894525;Juice;3;3;9;Cash;Takeaway;16/04/2023;;
TXN_9789876;Salad;4;5;20;Cash;Takeaway;05/09/2023;;
TXN_9129403;Sandwich;3;4;12;Credit Card;Takeaway;05/12/2023;;
TXN_2944325;Sandwich;4;4;16;Cash;Takeaway;18/12/2023;;
TXN_5591155;Smoothie;4;4;16;Cash;Takeaway;14/05/2023;;
TXN_6532832;Cookie;3;1;3;Cash;In-store;23/06/2023;;
TXN_5992166;Juice;5;3;15;Cash;Takeaway;01/10/2023;;
TXN_6895165;Coffee;3;2;6;Credit Card;Takeaway;18/02/2023;;
TXN_1713639;Cookie;1;1;1;UNKNOWN;UNKNOWN;04/08/2023;;
TXN_6269306;Smoothie;5;4;20;Credit Card;Takeaway;29/08/2023;;
TXN_2132747;Sandwich;2;4;8;Digital Wallet;In-store;19/12/2023;;
TXN_6241505;Smoothie;4;4;16;Cash;Takeaway;20/11/2023;;
TXN_7965585;Smoothie;5;4;20;Cash;Takeaway;30/01/2023;;
TXN_1950063;Salad;2;5;10;Cash;Takeaway;24/02/2023;;
TXN_4682737;Coffee;2;2;4;Cash;Takeaway;03/02/2023;;
TXN_4376376;Salad;3;5;15;Digital Wallet;Takeaway;05/09/2023;;
TXN_9061471;Cake;1;3;3;Digital Wallet;Takeaway;13/07/2023;;
TXN_8932070;Sandwich;3;4;12;Digital Wallet;In-store;03/12/2023;;
TXN_8410979;Smoothie;3;4;12;Digital Wallet;In-store;02/05/2023;;
TXN_3710523;Sandwich;3;4;12;Digital Wallet;Takeaway;03/10/2023;;
TXN_8014289;Juice;5;3;15;Digital Wallet;In-store;04/12/2023;;
TXN_1888294;Juice;3;3;9;Cash;Takeaway;03/07/2023;;
TXN_8628615;Coffee;1;2;2;Credit Card;Takeaway;03/08/2023;;
TXN_2648236;Smoothie;2;4;8;Credit Card;In-store;10/09/2023;;
TXN_1837817;Tea;2;1,5;3;Cash;Takeaway;13/08/2023;;
TXN_8467229;Tea;3;1,5;4,5;Cash;Takeaway;02/02/2023;;
TXN_4197575;Salad;2;5;10;Credit Card;Takeaway;21/01/2023;;
TXN_5863650;Tea;1;1,5;1,5;Digital Wallet;In-store;09/08/2023;;
TXN_6595038;Cookie;2;1;2;UNKNOWN;UNKNOWN;08/02/2023;;
TXN_1292476;Juice;4;3;12;Digital Wallet;Takeaway;07/09/2023;;
TXN_4872708;Coffee;5;2;10;Cash;Takeaway;16/11/2023;;
TXN_1299936;Coffee;1;2;2;Cash;Takeaway;27/03/2023;;
TXN_2199236;Smoothie;5;4;20;Cash;Takeaway;06/10/2023;;
TXN_1311237;Cookie;4;1;4;Credit Card;Takeaway;11/11/2023;;
TXN_9796122;Salad;3;5;15;UNKNOWN;UNKNOWN;UNKNOWN;;
TXN_5808749;Salad;1;5;5;Cash;Takeaway;25/01/2023;;
TXN_4069354;Salad;1;5;5;UNKNOWN;UNKNOWN;18/08/2023;;
TXN_3894165;Smoothie;5;4;20;Credit Card;Takeaway;31/03/2023;;
TXN_5270067;Cake;3;3;9;Digital Wallet;Takeaway;09/03/2023;;
TXN_6279736;Salad;1;5;5;UNKNOWN;UNKNOWN;25/08/2023;;
TXN_2168513;Cake;1;3;3;Digital Wallet;In-store;09/02/2023;;
TXN_3947116;Sandwich;1;4;4;Cash;Takeaway;13/01/2023;;
TXN_7248722;Cake;3;3;9;Cash;Takeaway;06/04/2023;;
TXN_9989458;Smoothie;3;4;12;Cash;Takeaway;16/02/2023;;
TXN_1850339;Cookie;5;1;5;Cash;Takeaway;17/01/2023;;
TXN_9934619;Cookie;1;1;1;Digital Wallet;In-store;11/02/2023;;
TXN_4551353;Tea;5;1,5;7,5;Digital Wallet;In-store;17/08/2023;;
TXN_6657245;Sandwich;1;4;4;Digital Wallet;In-store;25/10/2023;;
TXN_3933290;Coffee;1;2;2;UNKNOWN;UNKNOWN;05/08/2023;;
TXN_6405088;Juice;1;3;3;Digital Wallet;In-store;24/07/2023;;
TXN_1185003;Juice;5;3;15;Cash;Takeaway;06/01/2023;;
TXN_4550558;Cookie;3;1;3;Credit Card;In-store;04/08/2023;;
TXN_9555291;Sandwich;3;4;12;Credit Card;Takeaway;21/09/2023;;
TXN_8571432;Juice;2;3;6;Cash;Takeaway;07/12/2023;;
TXN_6744096;Coffee;1;2;2;Digital Wallet;In-store;15/11/2023;;
TXN_8512204;Sandwich;4;4;16;Cash;Takeaway;01/06/2023;;
TXN_3374343;Cake;2;3;6;UNKNOWN;UNKNOWN;02/09/2023;;
TXN_5188843;Smoothie;2;4;8;Cash;In-store;06/02/2023;;
TXN_4821343;Cookie;1;1;1;Credit Card;In-store;16/09/2023;;
TXN_4988100;Coffee;1;2;2;Digital Wallet;In-store;UNKNOWN;;
TXN_7791428;Smoothie;5;4;20;Digital Wallet;Takeaway;10/10/2023;;
TXN_8725610;Sandwich;2;4;8;Cash;Takeaway;11/02/2023;;
TXN_8404563;Tea;1;1,5;1,5;Cash;In-store;22/01/2023;;
TXN_8942133;Salad;3;5;15;Cash;Takeaway;04/10/2023;;
TXN_1122699;Salad;5;5;25;Digital Wallet;In-store;14/10/2023;;
TXN_9230208;Juice;3;3;9;Credit Card;Takeaway;13/05/2023;;
TXN_4932916;Coffee;1;2;2;Cash;Takeaway;13/12/2023;;
TXN_8980468;Smoothie;5;4;20;Cash;Takeaway;24/08/2023;;
TXN_4175635;Salad;3;5;15;Cash;Takeaway;26/05/2023;;
TXN_2851446;Salad;2;5;10;Credit Card;Takeaway;08/10/2023;;
TXN_8359693;Sandwich;2;4;8;Digital Wallet;In-store;23/10/2023;;
TXN_9432268;Salad;4;5;20;Cash;Takeaway;25/01/2023;;
TXN_2244902;Coffee;5;2;10;Credit Card;Takeaway;13/02/2023;;
TXN_5561958;Smoothie;4;4;16;Digital Wallet;Takeaway;24/07/2023;;
TXN_6963106;Sandwich;1;4;4;Cash;In-store;01/06/2023;;
TXN_6008133;Coffee;3;2;6;Digital Wallet;Takeaway;08/11/2023;;
TXN_9119194;Cake;3;3;9;Cash;Takeaway;29/01/2023;;
TXN_2551074;Cookie;1;1;1;Cash;Takeaway;17/09/2023;;
TXN_1899827;Coffee;5;2;10;Credit Card;Takeaway;24/06/2023;;
TXN_3046572;Salad;4;5;20;Cash;Takeaway;16/05/2023;;
TXN_6397921;Sandwich;1;4;4;Digital Wallet;In-store;01/12/2023;;
TXN_4482692;Salad;2;5;10;UNKNOWN;UNKNOWN;14/04/2023;;
TXN_9157625;Tea;5;1,5;7,5;Credit Card;Takeaway;10/02/2023;;
TXN_7865037;Coffee;1;2;2;Digital Wallet;Takeaway;05/06/2023;;
TXN_8410376;Coffee;4;2;8;Digital Wallet;Takeaway;02/07/2023;;
TXN_4192665;Coffee;1;2;2;Cash;Takeaway;15/07/2023;;
TXN_5433077;Cake;4;3;12;Cash;In-store;29/11/2023;;
TXN_1844925;Tea;5;1,5;7,5;Cash;Takeaway;21/10/2023;;
TXN_3410147;Juice;1;3;3;UNKNOWN;UNKNOWN;30/09/2023;;
TXN_8003664;Sandwich;1;4;4;Credit Card;Takeaway;26/11/2023;;
TXN_3872616;Cake;2;3;6;Cash;Takeaway;23/10/2023;;
TXN_3659483;Smoothie;3;4;12;Cash;Takeaway;14/05/2023;;
TXN_1688499;Smoothie;2;4;8;Credit Card;Takeaway;23/03/2023;;
TXN_5632556;Juice;3;3;9;Digital Wallet;In-store;16/05/2023;;
TXN_7954416;Coffee;1;2;2;Digital Wallet;In-store;04/06/2023;;
TXN_7845656;Juice;3;3;9;Credit Card;Takeaway;UNKNOWN;;
TXN_7421687;Coffee;5;2;10;Credit Card;In-store;18/11/2023;;
TXN_2444134;Sandwich;2;4;8;Credit Card;In-store;16/01/2023;;
TXN_3793672;Cookie;5;1;5;Credit Card;Takeaway;14/01/2023;;
TXN_1903825;Salad;4;5;20;Digital Wallet;Takeaway;01/04/2023;;
TXN_4267136;Tea;1;1,5;1,5;Credit Card;In-store;02/08/2023;;
TXN_7371295;Juice;3;3;9;UNKNOWN;UNKNOWN;28/03/2023;;
TXN_6567287;Cookie;4;1;4;Digital Wallet;Takeaway;UNKNOWN;;
TXN_3743107;Coffee;4;2;8;Cash;Takeaway;14/01/2023;;
TXN_6739664;Salad;3;5;15;Cash;Takeaway;12/09/2023;;
TXN_8343149;Juice;5;3;15;Digital Wallet;In-store;28/10/2023;;
TXN_2376870;Sandwich;5;4;20;Digital Wallet;Takeaway;UNKNOWN;;
TXN_9265423;Juice;1;3;3;UNKNOWN;UNKNOWN;20/10/2023;;
TXN_7187140;Juice;2;3;6;Credit Card;In-store;25/05/2023;;
TXN_6988675;Coffee;1;2;2;Digital Wallet;In-store;24/02/2023;;
TXN_1108326;Cake;3;3;9;Cash;Takeaway;UNKNOWN;;
TXN_7677646;Sandwich;5;4;20;UNKNOWN;UNKNOWN;15/02/2023;;
TXN_3053494;Juice;5;3;15;Digital Wallet;In-store;11/06/2023;;
TXN_9653700;Juice;1;3;3;Credit Card;Takeaway;12/03/2023;;
TXN_4623303;Smoothie;3;4;12;Digital Wallet;In-store;29/01/2023;;
TXN_7568175;Salad;1;5;5;Cash;In-store;06/11/2023;;
TXN_4968258;Smoothie;2;4;8;Cash;Takeaway;14/05/2023;;
TXN_8843061;Smoothie;1;4;4;Cash;Takeaway;10/11/2023;;
TXN_5666241;Cookie;4;1;4;Cash;Takeaway;18/07/2023;;
TXN_7079566;Juice;4;3;12;Digital Wallet;In-store;20/10/2023;;
TXN_3937788;Smoothie;1;4;4;Cash;In-store;27/06/2023;;
TXN_9326761;Tea;1;1,5;1,5;UNKNOWN;UNKNOWN;02/01/2023;;
TXN_8343414;Salad;2;5;10;Credit Card;Takeaway;28/02/2023;;
TXN_4204491;Smoothie;2;4;8;Digital Wallet;Takeaway;25/04/2023;;
TXN_4801327;Cake;5;3;15;Cash;In-store;03/02/2023;;
TXN_4276482;Sandwich;4;4;16;Cash;Takeaway;26/08/2023;;
TXN_6025054;Coffee;1;2;2;Credit Card;Takeaway;10/03/2023;;
TXN_1485725;Salad;5;5;25;Digital Wallet;In-store;10/12/2023;;
TXN_9929033;Coffee;2;2;4;Cash;Takeaway;17/02/2023;;
TXN_1888706;Cookie;1;1;1;Cash;Takeaway;26/11/2023;;
TXN_7495804;Juice;3;3;9;Credit Card;Takeaway;24/11/2023;;
TXN_1786141;Smoothie;4;4;16;UNKNOWN;UNKNOWN;12/03/2023;;
TXN_5542500;Sandwich;3;4;12;Credit Card;Takeaway;19/07/2023;;
TXN_5895330;Salad;5;5;25;Digital Wallet;In-store;12/05/2023;;
TXN_3485502;Juice;2;3;6;UNKNOWN;UNKNOWN;25/12/2023;;
TXN_8505782;Cookie;2;1;2;Digital Wallet;In-store;24/11/2023;;
TXN_8365530;Sandwich;4;4;16;Cash;Takeaway;10/03/2023;;
TXN_2357107;Sandwich;1;4;4;Digital Wallet;In-store;05/07/2023;;
TXN_1371708;Cookie;2;1;2;Cash;Takeaway;14/03/2023;;
TXN_6265785;Salad;5;5;25;Credit Card;Takeaway;26/08/2023;;
TXN_8701063;Sandwich;2;4;8;UNKNOWN;UNKNOWN;23/08/2023;;
TXN_8183734;Cookie;2;1;2;Digital Wallet;In-store;25/08/2023;;
TXN_6882503;Tea;1;1,5;1,5;Digital Wallet;In-store;02/01/2023;;
TXN_2785654;Tea;1;1,5;1,5;Credit Card;Takeaway;21/02/2023;;
TXN_7215311;Tea;1;1,5;1,5;UNKNOWN;UNKNOWN;31/07/2023;;
TXN_1121833;Coffee;4;2;8;Credit Card;In-store;16/03/2023;;
TXN_1277989;Tea;5;1,5;7,5;Digital Wallet;In-store;09/08/2023;;
TXN_8249996;Cookie;4;1;4;Digital Wallet;Takeaway;19/09/2023;;
TXN_6281616;Coffee;4;2;8;UNKNOWN;UNKNOWN;19/08/2023;;
TXN_1512159;Cake;2;3;6;Credit Card;In-store;25/11/2023;;
TXN_2025634;Sandwich;1;4;4;UNKNOWN;UNKNOWN;UNKNOWN;;
TXN_4566950;Coffee;2;2;4;Cash;Takeaway;29/09/2023;;
TXN_6648081;Salad;4;5;20;Cash;Takeaway;24/04/2023;;
TXN_5094936;Coffee;4;2;8;Digital Wallet;In-store;12/07/2023;;
TXN_8154928;Tea;3;1,5;4,5;Credit Card;Takeaway;26/07/2023;;
TXN_6550707;Coffee;3;2;6;Digital Wallet;Takeaway;01/03/2023;;
TXN_3676019;Juice;4;3;12;Digital Wallet;Takeaway;07/11/2023;;
TXN_2486026;Tea;5;1,5;7,5;Digital Wallet;In-store;26/03/2023;;
TXN_5133476;Juice;4;3;12;UNKNOWN;UNKNOWN;17/03/2023;;
TXN_3219378;Salad;3;5;15;Digital Wallet;In-store;04/12/2023;;
TXN_6372515;Cookie;1;1;1;Digital Wallet;In-store;22/11/2023;;
TXN_5351447;Salad;4;5;20;UNKNOWN;UNKNOWN;20/07/2023;;
TXN_9364172;Tea;4;1,5;6;Cash;Takeaway;18/03/2023;;
TXN_4745933;Salad;1;5;5;Digital Wallet;In-store;05/11/2023;;
TXN_6540267;Salad;2;5;10;Cash;Takeaway;26/09/2023;;
TXN_6994245;Coffee;4;2;8;Digital Wallet;In-store;30/12/2023;;
TXN_8973007;Coffee;5;2;10;Cash;Takeaway;07/02/2023;;
TXN_5108183;Smoothie;4;4;16;Credit Card;Takeaway;31/08/2023;;
TXN_8103630;Cookie;1;1;1;Digital Wallet;Takeaway;08/03/2023;;
TXN_6806563;Coffee;1;2;2;UNKNOWN;UNKNOWN;16/04/2023;;
TXN_1453579;Sandwich;5;4;20;UNKNOWN;UNKNOWN;21/01/2023;;
TXN_3252542;Sandwich;5;4;20;Digital Wallet;In-store;22/09/2023;;
TXN_4775220;Juice;3;3;9;Cash;Takeaway;21/07/2023;;
TXN_4413197;Tea;4;1,5;6;Digital Wallet;Takeaway;06/09/2023;;
TXN_1283149;Salad;2;5;10;Credit Card;In-store;23/01/2023;;
TXN_6822426;Cake;5;3;15;Digital Wallet;In-store;27/05/2023;;
TXN_8210816;Salad;4;5;20;Digital Wallet;Takeaway;12/08/2023;;
TXN_5896728;Juice;4;3;12;Digital Wallet;Takeaway;06/10/2023;;
TXN_4407308;Tea;4;1,5;6;Digital Wallet;In-store;19/09/2023;;
TXN_7710078;Juice;2;3;6;Credit Card;Takeaway;05/12/2023;;
TXN_5206046;Sandwich;3;4;12;Digital Wallet;In-store;UNKNOWN;;
TXN_6016707;Juice;1;3;3;Cash;In-store;27/06/2023;;
TXN_7471281;Sandwich;5;4;20;UNKNOWN;UNKNOWN;16/06/2023;;
TXN_3600632;Coffee;4;2;8;Cash;Takeaway;09/12/2023;;
TXN_4565969;Coffee;3;2;6;Cash;Takeaway;16/03/2023;;
TXN_7821478;Cake;4;3;12;Cash;In-store;24/05/2023;;
TXN_2971555;Cake;1;3;3;Cash;Takeaway;24/02/2023;;
TXN_1465364;Tea;4;1,5;6;Digital Wallet;In-store;UNKNOWN;;
TXN_9664173;Sandwich;1;4;4;Digital Wallet;In-store;20/03/2023;;
TXN_4049270;Coffee;5;2;10;Digital Wallet;In-store;28/07/2023;;
TXN_4008899;Salad;4;5;20;UNKNOWN;UNKNOWN;07/05/2023;;
TXN_3377626;Cookie;5;1;5;Cash;In-store;23/07/2023;;
TXN_5753111;Salad;1;5;5;Credit Card;Takeaway;25/04/2023;;
TXN_2054549;Smoothie;1;4;4;Digital Wallet;In-store;07/04/2023;;
TXN_6996548;Coffee;1;2;2;Credit Card;Takeaway;24/06/2023;;
TXN_6761402;Coffee;1;2;2;Cash;Takeaway;31/08/2023;;
TXN_1983842;Cake;5;3;15;Digital Wallet;Takeaway;16/03/2023;;
TXN_4982165;Tea;1;1,5;1,5;Credit Card;Takeaway;12/04/2023;;
TXN_5679295;Tea;5;1,5;7,5;Cash;Takeaway;30/04/2023;;
TXN_9194266;Salad;5;5;25;Cash;Takeaway;30/10/2023;;
TXN_1141920;Coffee;4;2;8;Digital Wallet;Takeaway;26/10/2023;;
TXN_9644830;Cookie;1;1;1;UNKNOWN;UNKNOWN;24/11/2023;;
TXN_1012349;Juice;4;3;12;Cash;In-store;08/07/2023;;
TXN_4692681;Tea;2;1,5;3;UNKNOWN;UNKNOWN;02/06/2023;;
TXN_1581562;Coffee;2;2;4;Cash;In-store;01/01/2023;;
TXN_6762236;Juice;4;3;12;Digital Wallet;In-store;17/01/2023;;
TXN_8002309;Sandwich;1;4;4;UNKNOWN;UNKNOWN;04/04/2023;;
TXN_6467796;Coffee;5;2;10;Credit Card;Takeaway;25/10/2023;;
TXN_8701045;Juice;2;3;6;Cash;In-store;07/06/2023;;
TXN_9656325;Coffee;2;2;4;Credit Card;Takeaway;31/03/2023;;
TXN_2716560;Sandwich;4;4;16;Credit Card;Takeaway;29/08/2023;;
TXN_4141941;Coffee;2;2;4;Digital Wallet;In-store;18/05/2023;;
TXN_4633505;Tea;3;1,5;4,5;Digital Wallet;Takeaway;25/08/2023;;
TXN_5283053;Juice;4;3;12;Digital Wallet;Takeaway;30/04/2023;;
TXN_1054912;Sandwich;3;4;12;Cash;Takeaway;02/08/2023;;
TXN_9100081;Juice;1;3;3;Cash;Takeaway;18/08/2023;;
TXN_5129701;Smoothie;2;4;8;Credit Card;Takeaway;09/11/2023;;
TXN_7021592;Salad;4;5;20;Credit Card;In-store;01/07/2023;;
TXN_7895436;Cake;3;3;9;UNKNOWN;UNKNOWN;09/09/2023;;
TXN_3041142;Smoothie;3;4;12;Digital Wallet;Takeaway;22/12/2023;;
TXN_5618631;Coffee;5;2;10;Credit Card;In-store;21/12/2023;;
TXN_6496379;Sandwich;1;4;4;Cash;Takeaway;24/12/2023;;
TXN_4731715;Coffee;5;2;10;UNKNOWN;UNKNOWN;14/03/2023;;
TXN_2386202;Salad;4;5;20;Cash;In-store;22/01/2023;;
TXN_6836109;Coffee;4;2;8;Cash;Takeaway;09/04/2023;;
TXN_9190061;Salad;5;5;25;Cash;Takeaway;14/06/2023;;
TXN_8878500;Salad;4;5;20;UNKNOWN;UNKNOWN;24/02/2023;;
TXN_3811655;Smoothie;3;4;12;UNKNOWN;UNKNOWN;UNKNOWN;;
TXN_8813052;Tea;4;1,5;6;Digital Wallet;In-store;UNKNOWN;;
TXN_2495471;Salad;3;5;15;Credit Card;Takeaway;22/10/2023;;
TXN_7708201;Salad;3;5;15;Cash;Takeaway;04/01/2023;;
TXN_2038871;Tea;2;1,5;3;Cash;Takeaway;15/07/2023;;
TXN_7195393;Salad;2;5;10;Credit Card;In-store;24/01/2023;;
TXN_8022892;Sandwich;4;4;16;Digital Wallet;In-store;07/08/2023;;
TXN_4298189;Coffee;1;2;2;Digital Wallet;In-store;13/10/2023;;
TXN_4967446;Sandwich;1;4;4;Digital Wallet;In-store;11/07/2023;;
TXN_1041891;Cookie;5;1;5;UNKNOWN;UNKNOWN;09/08/2023;;
TXN_7353699;Tea;5;1,5;7,5;Digital Wallet;Takeaway;20/07/2023;;
TXN_8644119;Sandwich;5;4;20;UNKNOWN;UNKNOWN;01/10/2023;;
TXN_3541304;Sandwich;3;4;12;Cash;In-store;22/04/2023;;
TXN_1059293;Sandwich;5;4;20;UNKNOWN;UNKNOWN;04/12/2023;;
TXN_9431971;Smoothie;1;4;4;Credit Card;Takeaway;17/07/2023;;
TXN_4543742;Coffee;3;2;6;Digital Wallet;Takeaway;28/03/2023;;
TXN_5961027;Cake;2;3;6;Cash;In-store;UNKNOWN;;
TXN_1807140;Salad;1;5;5;Cash;Takeaway;22/03/2023;;
TXN_3007866;Juice;4;3;12;Credit Card;In-store;14/04/2023;;
TXN_6779377;Smoothie;5;4;20;Digital Wallet;In-store;06/10/2023;;
TXN_7053830;Coffee;3;2;6;Digital Wallet;Takeaway;14/02/2023;;
TXN_3660048;Cake;1;3;3;Credit Card;Takeaway;UNKNOWN;;
TXN_6522299;Tea;2;1,5;3;Cash;Takeaway;29/08/2023;;
TXN_5811766;Cake;5;3;15;Digital Wallet;In-store;UNKNOWN;;
TXN_2848421;Cookie;1;1;1;Digital Wallet;In-store;07/08/2023;;
TXN_4935533;Sandwich;1;4;4;Digital Wallet;In-store;12/06/2023;;
TXN_2389320;Coffee;2;2;4;Cash;Takeaway;26/07/2023;;
TXN_8423155;Coffee;1;2;2;Cash;Takeaway;03/07/2023;;
TXN_6053617;Sandwich;2;4;8;Credit Card;Takeaway;25/11/2023;;
TXN_8384372;Tea;4;1,5;6;Digital Wallet;Takeaway;07/08/2023;;
TXN_3426338;Salad;1;5;5;Cash;In-store;31/07/2023;;
TXN_4581359;Juice;2;3;6;Credit Card;Takeaway;22/03/2023;;
TXN_3561451;Salad;4;5;20;Credit Card;Takeaway;31/05/2023;;
TXN_7768989;Sandwich;3;4;12;Cash;In-store;02/10/2023;;
TXN_5963316;Tea;3;1,5;4,5;Credit Card;Takeaway;25/06/2023;;
TXN_3368231;Tea;3;1,5;4,5;UNKNOWN;UNKNOWN;11/08/2023;;
TXN_6014389;Cookie;5;1;5;Credit Card;In-store;21/07/2023;;
TXN_7358729;Cookie;2;1;2;Cash;Takeaway;25/02/2023;;
TXN_9815521;Sandwich;3;4;12;Credit Card;In-store;26/05/2023;;
TXN_8325221;Coffee;2;2;4;Credit Card;Takeaway;17/11/2023;;
TXN_8267031;Cake;2;3;6;Cash;Takeaway;28/03/2023;;
TXN_1950187;Tea;2;1,5;3;Credit Card;Takeaway;13/04/2023;;
TXN_9518691;Salad;2;5;10;Credit Card;Takeaway;30/03/2023;;
TXN_6888998;Coffee;5;2;10;UNKNOWN;UNKNOWN;27/02/2023;;
TXN_5436816;Salad;3;5;15;Credit Card;Takeaway;04/08/2023;;
TXN_7896586;Sandwich;2;4;8;Credit Card;Takeaway;04/09/2023;;
TXN_5835004;Smoothie;5;4;20;Credit Card;In-store;14/04/2023;;
TXN_8188818;Tea;2;1,5;3;UNKNOWN;UNKNOWN;07/10/2023;;
TXN_5950951;Salad;3;5;15;Credit Card;In-store;10/04/2023;;
TXN_3612790;Smoothie;1;4;4;UNKNOWN;UNKNOWN;01/09/2023;;
TXN_2786231;Juice;1;3;3;Cash;Takeaway;17/08/2023;;
TXN_3803063;Juice;4;3;12;Credit Card;Takeaway;23/11/2023;;
TXN_4262451;Coffee;1;2;2;Digital Wallet;Takeaway;16/10/2023;;
TXN_4773210;Coffee;1;2;2;Credit Card;Takeaway;29/11/2023;;
TXN_1231366;Sandwich;3;4;12;Digital Wallet;Takeaway;28/11/2023;;
TXN_3774886;Sandwich;3;4;12;UNKNOWN;UNKNOWN;01/06/2023;;
TXN_2713279;Cookie;4;1;4;Digital Wallet;In-store;12/02/2023;;
TXN_4247602;Salad;5;5;25;Credit Card;Takeaway;13/07/2023;;
TXN_2446298;Juice;5;3;15;Digital Wallet;In-store;21/05/2023;;
TXN_7258784;Coffee;4;2;8;Cash;In-store;21/09/2023;;
TXN_5164540;Tea;2;1,5;3;Cash;Takeaway;05/01/2023;;
TXN_6488040;Salad;3;5;15;Digital Wallet;Takeaway;20/05/2023;;
TXN_6596377;Cookie;5;1;5;UNKNOWN;UNKNOWN;02/08/2023;;
TXN_7269738;Cookie;3;1;3;Cash;Takeaway;26/05/2023;;
TXN_2638760;Cake;5;3;15;Cash;Takeaway;09/02/2023;;
TXN_3459152;Cake;3;3;9;Digital Wallet;Takeaway;28/06/2023;;
TXN_9850842;Tea;3;1,5;4,5;UNKNOWN;UNKNOWN;23/01/2023;;
TXN_8077367;Tea;5;1,5;7,5;Credit Card;Takeaway;27/02/2023;;
TXN_6643922;Coffee;5;2;10;Digital Wallet;In-store;24/06/2023;;
TXN_8388056;Salad;1;5;5;Credit Card;Takeaway;23/06/2023;;
TXN_4728936;Juice;4;3;12;Digital Wallet;Takeaway;27/02/2023;;
TXN_6386388;Tea;3;1,5;4,5;Credit Card;Takeaway;21/05/2023;;
TXN_9443285;Cake;2;3;6;Credit Card;Takeaway;27/05/2023;;
TXN_6377838;Cake;2;3;6;Digital Wallet;Takeaway;19/02/2023;;
TXN_7483986;Salad;2;5;10;Cash;Takeaway;24/03/2023;;
TXN_7719510;Juice;3;3;9;Credit Card;Takeaway;14/08/2023;;
TXN_7908153;Cookie;3;1;3;Cash;In-store;19/01/2023;;
TXN_3083412;Coffee;5;2;10;Credit Card;In-store;UNKNOWN;;
TXN_8159649;Coffee;4;2;8;Digital Wallet;In-store;15/06/2023;;
TXN_5391160;Juice;2;3;6;Cash;In-store;09/03/2023;;
TXN_8324715;Sandwich;5;4;20;Credit Card;Takeaway;21/03/2023;;
TXN_7353685;Sandwich;3;4;12;Digital Wallet;In-store;UNKNOWN;;
TXN_1985223;Smoothie;3;4;12;Digital Wallet;Takeaway;21/09/2023;;
TXN_2944460;Salad;1;5;5;Digital Wallet;In-store;16/04/2023;;
TXN_6957157;Cake;1;3;3;UNKNOWN;UNKNOWN;01/02/2023;;
TXN_5693294;Juice;3;3;9;Credit Card;Takeaway;30/12/2023;;
TXN_2887257;Cookie;3;1;3;Credit Card;In-store;27/08/2023;;
TXN_3986876;Cake;3;3;9;Cash;Takeaway;06/11/2023;;
TXN_1066604;Sandwich;5;4;20;Credit Card;Takeaway;18/05/2023;;
TXN_2494494;Coffee;1;2;2;Cash;Takeaway;13/06/2023;;
TXN_4464373;Cookie;2;1;2;Digital Wallet;In-store;22/04/2023;;
TXN_7844770;Cake;2;3;6;Digital Wallet;Takeaway;31/01/2023;;
TXN_9968943;Smoothie;1;4;4;Digital Wallet;Takeaway;25/07/2023;;
TXN_4051488;Cookie;4;1;4;Cash;Takeaway;09/06/2023;;
TXN_2668838;Cake;4;3;12;Cash;Takeaway;11/05/2023;;
TXN_8039752;Coffee;2;2;4;Cash;Takeaway;28/11/2023;;
TXN_3388908;Cookie;4;1;4;Cash;Takeaway;22/11/2023;;
TXN_2096487;Sandwich;5;4;20;Digital Wallet;Takeaway;09/08/2023;;
TXN_8795794;Sandwich;3;4;12;Cash;In-store;13/02/2023;;
TXN_4627457;Cake;3;3;9;Digital Wallet;In-store;13/12/2023;;
TXN_2352308;Cookie;2;1;2;Cash;Takeaway;10/11/2023;;
TXN_3980743;Salad;1;5;5;Cash;Takeaway;21/09/2023;;
TXN_6538210;Smoothie;1;4;4;Digital Wallet;In-store;29/12/2023;;
